{"schemaVersion":"1.0","appDefinitionTemplate":{"id":"/providers/Microsoft.PowerApps/apps/","type":"Microsoft.PowerApps/apps","tags":{"primaryDeviceWidth":"768","primaryDeviceHeight":"1024","supportsPortrait":"true","supportsLandscape":"true","primaryFormFactor":"Tablet","showStatusBar":"true","publisherVersion":"3.23105.18","minimumRequiredApiVersion":"2.2.0","hasComponent":"false","hasUnlockedComponent":"false","isUnifiedRootApp":"false","sienaVersion":"20231130T103946Z-3.23105.18.0"},"properties":{"appVersion":"2023-11-30T10:39:46Z","lifeCycleId":"Published","createdByClientVersion":{"major":3,"minor":23105,"build":18,"revision":0,"majorRevision":0,"minorRevision":0},"minClientVersion":{"major":3,"minor":23105,"build":18,"revision":0,"majorRevision":0,"minorRevision":0},"backgroundColor":"RGBA(0,176,240,1)","backgroundImageUri":"/277652430547656409/N2fba53d8-9895-4956-a90a-3b76a3e925ac-logoSmallFile","displayName":"Visitor Registration","description":"","aiGeneratedDescription":"Streamline your visitor registration process with our Visitor Registration app. This app empowers you to efficiently manage visitor information, notify staff of arrivals, and keep track of visitor check-in times.","commitMessage":"","appUris":{"documentUri":{"value":"/277652430547656409/N335d78db-0eae-4d0b-9ae7-59f5a39b9522-document.msapp"},"imageUris":[],"additionalUris":[]},"createdTime":"0001-01-01T00:00:00Z","lastModifiedTime":"0001-01-01T00:00:00Z","sharedGroupsCount":0,"sharedUsersCount":0,"connectionReferences":{"46fd80ab-cbf7-41d9-b4a7-30e3d447a316":{"id":"36d92050-b86a-401f-91db-c1f1f17ee87b","displayName":"Office 365 Users","iconUri":"https://connectoricons-prod.azureedge.net/releases/v1.0.1664/1.0.1664.3477/office365users/icon.png","dataSources":["Office365Users"],"dependencies":[],"dependents":[],"parameterHints":{},"parameterHintsV2":{},"isOnPremiseConnection":false,"bypassConsent":false,"dataSets":{},"apiTier":"Standard","isCustomApiConnection":false,"actions":["SearchUserV2"]},"8268fe4f-986c-44d3-9ff3-7cb859e4904b":{"id":"f1540212-80c8-4afd-918c-69dfd6aa8c9e","displayName":"Office 365 Outlook","iconUri":"https://connectoricons-prod.azureedge.net/releases/v1.0.1664/1.0.1664.3477/office365/icon.png","dataSources":["Office365Outlook"],"dependencies":[],"dependents":[],"parameterHints":{},"parameterHintsV2":{},"isOnPremiseConnection":false,"bypassConsent":false,"dataSets":{},"apiTier":"Standard","isCustomApiConnection":false,"actions":["SendEmailV2"]},"c60ac6f4-6033-4fb0-8c96-0693c7660e15":{"id":"5078f1f7-f7f1-4177-adc6-178b9e6b9ed4","displayName":"Microsoft Teams","iconUri":"https://connectoricons-prod.azureedge.net/releases/v1.0.1657/1.0.1657.3443/teams/icon.png","dataSources":["MicrosoftTeams"],"dependencies":[],"dependents":[],"parameterHints":{},"parameterHintsV2":{},"isOnPremiseConnection":false,"bypassConsent":false,"dataSets":{},"apiTier":"Standard","isCustomApiConnection":false,"actions":["CreateChat","PostMessageToConversation"]},"51464e95-38ff-41ec-b4d6-29f4049c1919":{"id":"455a4aba-6ddf-4c70-9953-93573921494a","displayName":"Microsoft Entra ID","iconUri":"https://connectoricons-prod.azureedge.net/releases/v1.0.1664/1.0.1664.3477/azuread/icon.png","dataSources":["MicrosoftEntraID"],"dependencies":[],"dependents":[],"parameterHints":{},"parameterHintsV2":{},"isOnPremiseConnection":false,"bypassConsent":false,"dataSets":{},"apiTier":"Standard","isCustomApiConnection":false,"actions":["CheckMemberGroupsV2"]}},"databaseReferences":{"default.cds":{"databaseDetails":{"referenceType":"Environmental","environmentName":"default.cds","overrideValues":{"status":"NotSpecified","environmentVariableName":""}},"dataSources":{"Visitor Registrations":{"entitySetName":"cra55_visitorregistrations","logicalName":"cra55_visitorregistration"}},"actions":["providers/PowerPlatform.Governance/Operations/Read","providers/PowerPlatform.Governance/Operations/Write"]}},"almMode":"Solution","performanceOptimizationEnabled":true,"canConsumeAppPass":true,"enableModernRuntimeMode":false,"executionRestrictions":{"isTeamsOnly":false,"dataLossPreventionEvaluationResult":{"status":"Compliant","lastEvaluationDate":"2023-11-20T03:08:41.2588925Z","violations":[],"violationsByPolicy":[],"violationErrorMessage":"The app uses the following connectors: shared_commondataservice."}}},"appType":"ClassicCanvasApp","appComponents":[]}}